'Id', 'UserId', 'Name', 'Date', 'Class', 'TagBased'
'82946', '3718', 'Teacher', '2008-09-15T08:55:03.923', '3', 'False'
'82947', '994', 'Teacher', '2008-09-15T08:55:03.957', '3', 'False'
'82949', '3893', 'Teacher', '2008-09-15T08:55:03.957', '3', 'False'
'82950', '4591', 'Teacher', '2008-09-15T08:55:03.957', '3', 'False'
'82951', '5196', 'Teacher', '2008-09-15T08:55:03.957', '3', 'False'
'82952', '2635', 'Teacher', '2008-09-15T08:55:03.957', '3', 'False'
'82953', '1113', 'Teacher', '2008-09-15T08:55:03.957', '3', 'False'
'82954', '4182', 'Teacher', '2008-09-15T08:55:03.957', '3', 'False'
'82955', '164', 'Teacher', '2008-09-15T08:55:03.957', '3', 'False'
'82956', '652', 'Teacher', '2008-09-15T08:55:03.957', '3', 'False'
'82957', '5246', 'Teacher', '2008-09-15T08:55:03.957', '3', 'False'
'82958', '509', 'Teacher', '2008-09-15T08:55:03.957', '3', 'False'
'82959', '670', 'Teacher', '2008-09-15T08:55:03.957', '3', 'False'
'82960', '5024', 'Teacher', '2008-09-15T08:55:03.957', '3', 'False'
'82961', '1284', 'Teacher', '2008-09-15T08:55:03.957', '3', 'False'
'82962', '2907', 'Teacher', '2008-09-15T08:55:03.957', '3', 'False'
'82963', '4097', 'Teacher', '2008-09-15T08:55:03.957', '3', 'False'
'82964', '3205', 'Teacher', '2008-09-15T08:55:03.957', '3', 'False'
'82965', '986', 'Teacher', '2008-09-15T08:55:03.957', '3', 'False'
'82966', '4666', 'Teacher', '2008-09-15T08:55:03.957', '3', 'False'
'82967', '883', 'Teacher', '2008-09-15T08:55:03.957', '3', 'False'
'82968', '1261', 'Teacher', '2008-09-15T08:55:03.957', '3', 'False'
'82969', '1635', 'Teacher', '2008-09-15T08:55:03.957', '3', 'False'
'82970', '4262', 'Teacher', '2008-09-15T08:55:03.957', '3', 'False'
'82971', '4997', 'Teacher', '2008-09-15T08:55:03.957', '3', 'False'
'82972', '122', 'Teacher', '2008-09-15T08:55:03.957', '3', 'False'
'82973', '782', 'Teacher', '2008-09-15T08:55:03.957', '3', 'False'
'82974', '1693', 'Teacher', '2008-09-15T08:55:03.957', '3', 'False'
'82975', '5806', 'Teacher', '2008-09-15T08:55:03.957', '3', 'False'
'82976', '3494', 'Teacher', '2008-09-15T08:55:03.957', '3', 'False'
'82977', '2839', 'Teacher', '2008-09-15T08:55:03.957', '3', 'False'
'82978', '2626', 'Teacher', '2008-09-15T08:55:03.957', '3', 'False'
'82979', '1120', 'Teacher', '2008-09-15T08:55:03.957', '3', 'False'
'82980', '1304', 'Teacher', '2008-09-15T08:55:03.957', '3', 'False'
'82981', '5504', 'Teacher', '2008-09-15T08:55:03.957', '3', 'False'
'82982', '2482', 'Teacher', '2008-09-15T08:55:03.957', '3', 'False'
'82983', '2147', 'Teacher', '2008-09-15T08:55:03.957', '3', 'False'
'82985', '3594', 'Teacher', '2008-09-15T08:55:03.957', '3', 'False'
'82986', '3659', 'Teacher', '2008-09-15T08:55:03.957', '3', 'False'
'82987', '58', 'Teacher', '2008-09-15T08:55:03.957', '3', 'False'
'82988', '2586', 'Teacher', '2008-09-15T08:55:03.957', '3', 'False'
'82989', '1390', 'Teacher', '2008-09-15T08:55:03.957', '3', 'False'
'82990', '581', 'Teacher', '2008-09-15T08:55:03.957', '3', 'False'
'82992', '2137', 'Teacher', '2008-09-15T08:55:03.957', '3', 'False'
'82993', '372', 'Teacher', '2008-09-15T08:55:03.957', '3', 'False'
'82994', '3272', 'Teacher', '2008-09-15T08:55:03.957', '3', 'False'
'82995', '969', 'Teacher', '2008-09-15T08:55:03.957', '3', 'False'
'82996', '1620', 'Teacher', '2008-09-15T08:55:03.957', '3', 'False'
'82997', '1065', 'Teacher', '2008-09-15T08:55:03.957', '3', 'False'
'82998', '2535', 'Teacher', '2008-09-15T08:55:03.957', '3', 'False'
'82999', '4574', 'Teacher', '2008-09-15T08:55:03.957', '3', 'False'
'83000', '5855', 'Teacher', '2008-09-15T08:55:03.957', '3', 'False'
'83001', '2133', 'Teacher', '2008-09-15T08:55:03.957', '3', 'False'
'83002', '4531', 'Teacher', '2008-09-15T08:55:03.957', '3', 'False'
'83003', '5181', 'Teacher', '2008-09-15T08:55:03.957', '3', 'False'
'83004', '4925', 'Teacher', '2008-09-15T08:55:03.957', '3', 'False'
'83005', '1175', 'Teacher', '2008-09-15T08:55:03.957', '3', 'False'
'83006', '1536', 'Teacher', '2008-09-15T08:55:03.957', '3', 'False'
'83007', '3394', 'Teacher', '2008-09-15T08:55:03.957', '3', 'False'
'83008', '511', 'Teacher', '2008-09-15T08:55:03.957', '3', 'False'
'83009', '2528', 'Teacher', '2008-09-15T08:55:03.957', '3', 'False'
'83010', '1048', 'Teacher', '2008-09-15T08:55:03.957', '3', 'False'
'83011', '1647', 'Teacher', '2008-09-15T08:55:03.957', '3', 'False'
'83012', '578', 'Teacher', '2008-09-15T08:55:03.957', '3', 'False'
'83013', '2723', 'Teacher', '2008-09-15T08:55:03.957', '3', 'False'
'83014', '1486', 'Teacher', '2008-09-15T08:55:03.957', '3', 'False'
'83015', '1621', 'Teacher', '2008-09-15T08:55:03.957', '3', 'False'
'83016', '5100', 'Teacher', '2008-09-15T08:55:03.957', '3', 'False'
'83017', '1597', 'Teacher', '2008-09-15T08:55:03.957', '3', 'False'
'83018', '2918', 'Teacher', '2008-09-15T08:55:03.957', '3', 'False'
'83019', '5961', 'Teacher', '2008-09-15T08:55:03.957', '3', 'False'
'83021', '1785', 'Teacher', '2008-09-15T08:55:03.957', '3', 'False'
'83022', '196', 'Teacher', '2008-09-15T08:55:03.957', '3', 'False'
'83023', '6120', 'Teacher', '2008-09-15T08:55:03.957', '3', 'False'
'83024', '1882', 'Teacher', '2008-09-15T08:55:03.957', '3', 'False'
'83025', '1482', 'Teacher', '2008-09-15T08:55:03.957', '3', 'False'
'83026', '1677', 'Teacher', '2008-09-15T08:55:03.957', '3', 'False'
'83027', '1855', 'Teacher', '2008-09-15T08:55:03.957', '3', 'False'
'83028', '6009', 'Teacher', '2008-09-15T08:55:03.957', '3', 'False'
'83029', '829', 'Teacher', '2008-09-15T08:55:03.957', '3', 'False'
'83030', '1417', 'Teacher', '2008-09-15T08:55:03.957', '3', 'False'
'83031', '1534', 'Teacher', '2008-09-15T08:55:03.957', '3', 'False'
'83032', '2692', 'Teacher', '2008-09-15T08:55:03.957', '3', 'False'
'83033', '5083', 'Teacher', '2008-09-15T08:55:03.957', '3', 'False'
'83034', '5412', 'Teacher', '2008-09-15T08:55:03.957', '3', 'False'
'83035', '3911', 'Teacher', '2008-09-15T08:55:03.957', '3', 'False'
'83036', '72', 'Teacher', '2008-09-15T08:55:03.957', '3', 'False'
'83037', '3358', 'Teacher', '2008-09-15T08:55:03.957', '3', 'False'
'83038', '5729', 'Teacher', '2008-09-15T08:55:03.957', '3', 'False'
'83039', '4257', 'Teacher', '2008-09-15T08:55:03.957', '3', 'False'
'83041', '5128', 'Teacher', '2008-09-15T08:55:03.957', '3', 'False'
'83042', '6280', 'Teacher', '2008-09-15T08:55:03.957', '3', 'False'
'83043', '541', 'Teacher', '2008-09-15T08:55:03.957', '3', 'False'
'83044', '3905', 'Teacher', '2008-09-15T08:55:03.957', '3', 'False'
'83045', '437', 'Teacher', '2008-09-15T08:55:03.957', '3', 'False'
'83046', '1875', 'Teacher', '2008-09-15T08:55:03.957', '3', 'False'
'83047', '2846', 'Teacher', '2008-09-15T08:55:03.957', '3', 'False'
'83048', '5240', 'Teacher', '2008-09-15T08:55:03.957', '3', 'False'
'83049', '3636', 'Teacher', '2008-09-15T08:55:03.957', '3', 'False'
'83062', '4421', 'Teacher', '2008-09-15T08:55:03.957', '3', 'False'
'83063', '2657', 'Teacher', '2008-09-15T08:55:03.957', '3', 'False'
'83064', '3479', 'Teacher', '2008-09-15T08:55:03.957', '3', 'False'
'83065', '2686', 'Teacher', '2008-09-15T08:55:03.957', '3', 'False'
'83066', '521', 'Teacher', '2008-09-15T08:55:03.957', '3', 'False'
'83067', '3063', 'Teacher', '2008-09-15T08:55:03.957', '3', 'False'
'83068', '2295', 'Teacher', '2008-09-15T08:55:03.957', '3', 'False'
'83069', '2273', 'Teacher', '2008-09-15T08:55:03.957', '3', 'False'
'83070', '481', 'Teacher', '2008-09-15T08:55:03.957', '3', 'False'
'83071', '3972', 'Teacher', '2008-09-15T08:55:03.957', '3', 'False'
'83072', '3978', 'Teacher', '2008-09-15T08:55:03.957', '3', 'False'
'83073', '4498', 'Teacher', '2008-09-15T08:55:03.957', '3', 'False'
'83076', '308', 'Teacher', '2008-09-15T08:55:03.957', '3', 'False'
'83077', '1291', 'Teacher', '2008-09-15T08:55:03.957', '3', 'False'
'83078', '1729', 'Teacher', '2008-09-15T08:55:03.957', '3', 'False'
'83080', '825', 'Teacher', '2008-09-15T08:55:03.957', '3', 'False'
'83081', '238', 'Teacher', '2008-09-15T08:55:03.957', '3', 'False'
'83082', '1266', 'Teacher', '2008-09-15T08:55:03.957', '3', 'False'
'83084', '6370', 'Teacher', '2008-09-15T08:55:03.957', '3', 'False'
'83085', '36', 'Teacher', '2008-09-15T08:55:03.957', '3', 'False'
'83086', '2091', 'Teacher', '2008-09-15T08:55:03.957', '3', 'False'
'83088', '2287', 'Teacher', '2008-09-15T08:55:03.957', '3', 'False'
'83089', '5782', 'Teacher', '2008-09-15T08:55:03.957', '3', 'False'
'83090', '2983', 'Teacher', '2008-09-15T08:55:03.957', '3', 'False'
'83091', '1324', 'Teacher', '2008-09-15T08:55:03.957', '3', 'False'
'83093', '391', 'Teacher', '2008-09-15T08:55:03.957', '3', 'False'
'83094', '755', 'Teacher', '2008-09-15T08:55:03.957', '3', 'False'
'83095', '2152', 'Teacher', '2008-09-15T08:55:03.957', '3', 'False'
'83096', '4100', 'Teacher', '2008-09-15T08:55:03.957', '3', 'False'
'83097', '3122', 'Teacher', '2008-09-15T08:55:03.957', '3', 'False'
'83098', '5330', 'Teacher', '2008-09-15T08:55:03.957', '3', 'False'
'83099', '5374', 'Teacher', '2008-09-15T08:55:03.957', '3', 'False'
'83101', '5433', 'Teacher', '2008-09-15T08:55:03.957', '3', 'False'
'83102', '534', 'Teacher', '2008-09-15T08:55:03.957', '3', 'False'
'83103', '2894', 'Teacher', '2008-09-15T08:55:03.957', '3', 'False'
'83104', '5946', 'Teacher', '2008-09-15T08:55:03.957', '3', 'False'
'83105', '1441', 'Teacher', '2008-09-15T08:55:03.957', '3', 'False'
'83106', '4074', 'Teacher', '2008-09-15T08:55:03.957', '3', 'False'
'83107', '876', 'Teacher', '2008-09-15T08:55:03.957', '3', 'False'
'83108', '661', 'Teacher', '2008-09-15T08:55:03.957', '3', 'False'
'83109', '1523', 'Teacher', '2008-09-15T08:55:03.957', '3', 'False'
'83110', '3717', 'Teacher', '2008-09-15T08:55:03.957', '3', 'False'
'83111', '4685', 'Teacher', '2008-09-15T08:55:03.957', '3', 'False'
'83112', '4313', 'Teacher', '2008-09-15T08:55:03.957', '3', 'False'
'83113', '2271', 'Teacher', '2008-09-15T08:55:03.957', '3', 'False'
'83114', '1292', 'Teacher', '2008-09-15T08:55:03.957', '3', 'False'
'83115', '4329', 'Teacher', '2008-09-15T08:55:03.957', '3', 'False'
'83116', '5357', 'Teacher', '2008-09-15T08:55:03.957', '3', 'False'
'83117', '533', 'Teacher', '2008-09-15T08:55:03.957', '3', 'False'
'83119', '209', 'Teacher', '2008-09-15T08:55:03.957', '3', 'False'
'83120', '4923', 'Teacher', '2008-09-15T08:55:03.957', '3', 'False'
'83121', '1308', 'Teacher', '2008-09-15T08:55:03.957', '3', 'False'
'83122', '5048', 'Teacher', '2008-09-15T08:55:03.957', '3', 'False'
'83123', '3743', 'Teacher', '2008-09-15T08:55:03.957', '3', 'False'
'83124', '3442', 'Teacher', '2008-09-15T08:55:03.957', '3', 'False'
'83125', '2973', 'Teacher', '2008-09-15T08:55:03.957', '3', 'False'
'83126', '2074', 'Teacher', '2008-09-15T08:55:03.957', '3', 'False'
'83127', '3811', 'Teacher', '2008-09-15T08:55:03.957', '3', 'False'
'83128', '1348', 'Teacher', '2008-09-15T08:55:03.957', '3', 'False'
'83129', '734', 'Teacher', '2008-09-15T08:55:03.957', '3', 'False'
'83130', '4279', 'Teacher', '2008-09-15T08:55:03.957', '3', 'False'
'83131', '4365', 'Teacher', '2008-09-15T08:55:03.957', '3', 'False'
'83145', '2180', 'Teacher', '2008-09-15T08:55:03.957', '3', 'False'
'83149', '3583', 'Teacher', '2008-09-15T08:55:03.957', '3', 'False'
'83150', '2653', 'Teacher', '2008-09-15T08:55:03.957', '3', 'False'
'83151', '4141', 'Teacher', '2008-09-15T08:55:03.957', '3', 'False'
'83155', '1993', 'Teacher', '2008-09-15T08:55:03.957', '3', 'False'
'83165', '4826', 'Teacher', '2008-09-15T08:55:03.957', '3', 'False'
'83177', '184', 'Teacher', '2008-09-15T08:55:03.957', '3', 'False'
'83183', '911', 'Teacher', '2008-09-15T08:55:03.957', '3', 'False'
'83205', '1799', 'Teacher', '2008-09-15T08:55:03.957', '3', 'False'
'83221', '1193', 'Teacher', '2008-09-15T08:55:03.957', '3', 'False'
'83252', '1028', 'Teacher', '2008-09-15T08:55:03.957', '3', 'False'
'83253', '3632', 'Teacher', '2008-09-15T08:55:03.957', '3', 'False'
'83276', '1809', 'Teacher', '2008-09-15T08:55:03.957', '3', 'False'
'83279', '2349', 'Teacher', '2008-09-15T08:55:03.957', '3', 'False'
'83288', '4581', 'Teacher', '2008-09-15T08:55:03.957', '3', 'False'
'83290', '4930', 'Teacher', '2008-09-15T08:55:03.957', '3', 'False'
'83295', '5819', 'Teacher', '2008-09-15T08:55:03.957', '3', 'False'
'83296', '1778', 'Teacher', '2008-09-15T08:55:03.957', '3', 'False'
'83297', '194', 'Teacher', '2008-09-15T08:55:03.957', '3', 'False'
'83298', '2574', 'Teacher', '2008-09-15T08:55:03.957', '3', 'False'
'83299', '1103', 'Teacher', '2008-09-15T08:55:03.957', '3', 'False'
'83300', '1366', 'Teacher', '2008-09-15T08:55:03.957', '3', 'False'
'83301', '3610', 'Teacher', '2008-09-15T08:55:03.957', '3', 'False'
'83302', '324', 'Teacher', '2008-09-15T08:55:03.957', '3', 'False'
'83303', '384', 'Teacher', '2008-09-15T08:55:03.957', '3', 'False'
'83304', '1588', 'Teacher', '2008-09-15T08:55:03.957', '3', 'False'
'83305', '1623', 'Teacher', '2008-09-15T08:55:03.957', '3', 'False'
'83306', '1996', 'Teacher', '2008-09-15T08:55:03.957', '3', 'False'
'83307', '624', 'Teacher', '2008-09-15T08:55:03.957', '3', 'False'
'83308', '362', 'Teacher', '2008-09-15T08:55:03.957', '3', 'False'
'83309', '390', 'Teacher', '2008-09-15T08:55:03.957', '3', 'False'
'83310', '1409', 'Teacher', '2008-09-15T08:55:03.957', '3', 'False'
'83311', '2976', 'Teacher', '2008-09-15T08:55:03.957', '3', 'False'
'83312', '1088', 'Teacher', '2008-09-15T08:55:03.957', '3', 'False'
'83313', '1403', 'Teacher', '2008-09-15T08:55:03.957', '3', 'False'
'83314', '2984', 'Teacher', '2008-09-15T08:55:03.957', '3', 'False'
'83315', '5304', 'Teacher', '2008-09-15T08:55:03.957', '3', 'False'
'83316', '1513', 'Teacher', '2008-09-15T08:55:03.957', '3', 'False'
'83317', '5831', 'Teacher', '2008-09-15T08:55:03.957', '3', 'False'
'83318', '5250', 'Teacher', '2008-09-15T08:55:03.957', '3', 'False'
'83320', '3619', 'Teacher', '2008-09-15T08:55:03.957', '3', 'False'
'83321', '1841', 'Teacher', '2008-09-15T08:55:03.957', '3', 'False'
'83322', '795', 'Teacher', '2008-09-15T08:55:03.957', '3', 'False'
'83323', '5336', 'Teacher', '2008-09-15T08:55:03.957', '3', 'False'
'83324', '2647', 'Teacher', '2008-09-15T08:55:03.957', '3', 'False'
'83325', '4799', 'Teacher', '2008-09-15T08:55:03.957', '3', 'False'
'83326', '5149', 'Teacher', '2008-09-15T08:55:03.957', '3', 'False'
'83327', '6037', 'Teacher', '2008-09-15T08:55:03.957', '3', 'False'
'83328', '1196', 'Teacher', '2008-09-15T08:55:03.957', '3', 'False'
'83329', '3807', 'Teacher', '2008-09-15T08:55:03.957', '3', 'False'
'83330', '1464', 'Teacher', '2008-09-15T08:55:03.957', '3', 'False'
'83331', '5846', 'Teacher', '2008-09-15T08:55:03.957', '3', 'False'
'83332', '4668', 'Teacher', '2008-09-15T08:55:03.957', '3', 'False'
'83333', '2958', 'Teacher', '2008-09-15T08:55:03.957', '3', 'False'
'83334', '2654', 'Teacher', '2008-09-15T08:55:03.957', '3', 'False'
'83335', '1249', 'Teacher', '2008-09-15T08:55:03.957', '3', 'False'
'83336', '145', 'Teacher', '2008-09-15T08:55:03.957', '3', 'False'
'83337', '794', 'Teacher', '2008-09-15T08:55:03.957', '3', 'False'
'83338', '5790', 'Teacher', '2008-09-15T08:55:03.957', '3', 'False'
'83340', '5021', 'Teacher', '2008-09-15T08:55:03.957', '3', 'False'
'83341', '998', 'Teacher', '2008-09-15T08:55:03.957', '3', 'False'
'83342', '666', 'Teacher', '2008-09-15T08:55:03.957', '3', 'False'
'83344', '1169', 'Teacher', '2008-09-15T08:55:03.957', '3', 'False'
'83345', '4013', 'Teacher', '2008-09-15T08:55:03.957', '3', 'False'
'83346', '4000', 'Teacher', '2008-09-15T08:55:03.957', '3', 'False'
'83347', '2937', 'Teacher', '2008-09-15T08:55:03.957', '3', 'False'
'83348', '2501', 'Teacher', '2008-09-15T08:55:03.957', '3', 'False'
'83349', '80', 'Teacher', '2008-09-15T08:55:03.957', '3', 'False'
'83350', '2945', 'Teacher', '2008-09-15T08:55:03.957', '3', 'False'
'83351', '1137', 'Teacher', '2008-09-15T08:55:03.957', '3', 'False'
'83352', '5811', 'Teacher', '2008-09-15T08:55:03.957', '3', 'False'
'83353', '4080', 'Teacher', '2008-09-15T08:55:03.957', '3', 'False'
'83354', '2899', 'Teacher', '2008-09-15T08:55:03.957', '3', 'False'
'83355', '4965', 'Teacher', '2008-09-15T08:55:03.957', '3', 'False'
'83356', '4332', 'Teacher', '2008-09-15T08:55:03.957', '3', 'False'
'83357', '369', 'Teacher', '2008-09-15T08:55:03.957', '3', 'False'
'83358', '463', 'Teacher', '2008-09-15T08:55:03.957', '3', 'False'
'83360', '1740', 'Teacher', '2008-09-15T08:55:03.957', '3', 'False'
'83361', '3501', 'Teacher', '2008-09-15T08:55:03.957', '3', 'False'
'83362', '1005', 'Teacher', '2008-09-15T08:55:03.957', '3', 'False'
'83363', '1462', 'Teacher', '2008-09-15T08:55:03.957', '3', 'False'
'83364', '446', 'Teacher', '2008-09-15T08:55:03.957', '3', 'False'
'83365', '1531', 'Teacher', '2008-09-15T08:55:03.957', '3', 'False'
'83366', '1796', 'Teacher', '2008-09-15T08:55:03.957', '3', 'False'
'83367', '2994', 'Teacher', '2008-09-15T08:55:03.957', '3', 'False'
'83369', '3683', 'Teacher', '2008-09-15T08:55:03.957', '3', 'False'
'83370', '192', 'Teacher', '2008-09-15T08:55:03.957', '3', 'False'
'83372', '6154', 'Teacher', '2008-09-15T08:55:03.957', '3', 'False'
'83373', '2990', 'Teacher', '2008-09-15T08:55:03.957', '3', 'False'
'83374', '826', 'Teacher', '2008-09-15T08:55:03.957', '3', 'False'
'83375', '1354', 'Teacher', '2008-09-15T08:55:03.957', '3', 'False'
'83376', '1982', 'Teacher', '2008-09-15T08:55:03.957', '3', 'False'
'83377', '1776', 'Teacher', '2008-09-15T08:55:03.957', '3', 'False'
'83379', '5109', 'Teacher', '2008-09-15T08:55:03.957', '3', 'False'
'83380', '1762', 'Teacher', '2008-09-15T08:55:03.957', '3', 'False'
'83381', '3857', 'Teacher', '2008-09-15T08:55:03.957', '3', 'False'
'83382', '1165', 'Teacher', '2008-09-15T08:55:03.957', '3', 'False'
'83383', '5595', 'Teacher', '2008-09-15T08:55:03.957', '3', 'False'
'83384', '2108', 'Teacher', '2008-09-15T08:55:03.957', '3', 'False'
'83385', '4954', 'Teacher', '2008-09-15T08:55:03.957', '3', 'False'
'83386', '4805', 'Teacher', '2008-09-15T08:55:03.957', '3', 'False'
'83387', '1732', 'Teacher', '2008-09-15T08:55:03.957', '3', 'False'
'83388', '2667', 'Teacher', '2008-09-15T08:55:03.957', '3', 'False'
'83389', '3508', 'Teacher', '2008-09-15T08:55:03.957', '3', 'False'
'83390', '206', 'Teacher', '2008-09-15T08:55:03.957', '3', 'False'
'83391', '1764', 'Teacher', '2008-09-15T08:55:03.957', '3', 'False'
'83392', '148', 'Teacher', '2008-09-15T08:55:03.957', '3', 'False'
'83393', '6366', 'Teacher', '2008-09-15T08:55:03.957', '3', 'False'
'83394', '3797', 'Teacher', '2008-09-15T08:55:03.957', '3', 'False'
'83395', '4612', 'Teacher', '2008-09-15T08:55:03.957', '3', 'False'
'83396', '2094', 'Teacher', '2008-09-15T08:55:03.957', '3', 'False'
'83397', '1337', 'Teacher', '2008-09-15T08:55:03.957', '3', 'False'
'83398', '102', 'Teacher', '2008-09-15T08:55:03.957', '3', 'False'
'83400', '4676', 'Teacher', '2008-09-15T08:55:03.957', '3', 'False'
'83401', '1895', 'Teacher', '2008-09-15T08:55:03.957', '3', 'False'
'83402', '2228', 'Teacher', '2008-09-15T08:55:03.957', '3', 'False'
'83403', '1881', 'Teacher', '2008-09-15T08:55:03.957', '3', 'False'
'83404', '968', 'Teacher', '2008-09-15T08:55:03.957', '3', 'False'
'83405', '1179', 'Teacher', '2008-09-15T08:55:03.957', '3', 'False'
'83406', '5419', 'Teacher', '2008-09-15T08:55:03.957', '3', 'False'
'83407', '1227', 'Teacher', '2008-09-15T08:55:03.957', '3', 'False'
'83408', '3712', 'Teacher', '2008-09-15T08:55:03.957', '3', 'False'
'83409', '2140', 'Teacher', '2008-09-15T08:55:03.957', '3', 'False'
'83410', '4711', 'Teacher', '2008-09-15T08:55:03.957', '3', 'False'
'83411', '142', 'Teacher', '2008-09-15T08:55:03.957', '3', 'False'
'83412', '4702', 'Teacher', '2008-09-15T08:55:03.957', '3', 'False'
'83413', '5211', 'Teacher', '2008-09-15T08:55:03.957', '3', 'False'
'83414', '287', 'Teacher', '2008-09-15T08:55:03.957', '3', 'False'
'83415', '3153', 'Teacher', '2008-09-15T08:55:03.957', '3', 'False'
'83416', '320', 'Teacher', '2008-09-15T08:55:03.957', '3', 'False'
'83417', '725', 'Teacher', '2008-09-15T08:55:03.957', '3', 'False'
'83418', '3210', 'Teacher', '2008-09-15T08:55:03.957', '3', 'False'
'83419', '1343', 'Teacher', '2008-09-15T08:55:03.957', '3', 'False'
'83420', '423', 'Teacher', '2008-09-15T08:55:03.957', '3', 'False'
'83421', '3289', 'Teacher', '2008-09-15T08:55:03.957', '3', 'False'
'83422', '2688', 'Teacher', '2008-09-15T08:55:03.957', '3', 'False'
'83423', '3622', 'Teacher', '2008-09-15T08:55:03.957', '3', 'False'
'83424', '698', 'Teacher', '2008-09-15T08:55:03.957', '3', 'False'
'83425', '5741', 'Teacher', '2008-09-15T08:55:03.957', '3', 'False'
'83426', '3973', 'Teacher', '2008-09-15T08:55:03.957', '3', 'False'
'83427', '5164', 'Teacher', '2008-09-15T08:55:03.957', '3', 'False'
'83428', '931', 'Teacher', '2008-09-15T08:55:03.957', '3', 'False'
'83429', '4227', 'Teacher', '2008-09-15T08:55:03.957', '3', 'False'
'83430', '2354', 'Teacher', '2008-09-15T08:55:03.957', '3', 'False'
'83431', '4325', 'Teacher', '2008-09-15T08:55:03.957', '3', 'False'
'83432', '905', 'Teacher', '2008-09-15T08:55:03.957', '3', 'False'
'83433', '1814', 'Teacher', '2008-09-15T08:55:03.957', '3', 'False'
'83434', '3645', 'Teacher', '2008-09-15T08:55:03.957', '3', 'False'
'83435', '1199', 'Teacher', '2008-09-15T08:55:03.957', '3', 'False'
'83436', '4114', 'Teacher', '2008-09-15T08:55:03.957', '3', 'False'
'83437', '5683', 'Teacher', '2008-09-15T08:55:03.957', '3', 'False'
'83438', '1388', 'Teacher', '2008-09-15T08:55:03.957', '3', 'False'
'83439', '4926', 'Teacher', '2008-09-15T08:55:03.957', '3', 'False'
'83440', '3568', 'Teacher', '2008-09-15T08:55:03.957', '3', 'False'
'83441', '528', 'Teacher', '2008-09-15T08:55:03.957', '3', 'False'
'83442', '3914', 'Teacher', '2008-09-15T08:55:03.957', '3', 'False'
'83443', '416', 'Teacher', '2008-09-15T08:55:03.957', '3', 'False'
'83444', '2070', 'Teacher', '2008-09-15T08:55:03.957', '3', 'False'
'83445', '3660', 'Teacher', '2008-09-15T08:55:03.957', '3', 'False'
'83446', '1727', 'Teacher', '2008-09-15T08:55:03.970', '3', 'False'
'83447', '5978', 'Teacher', '2008-09-15T08:55:03.970', '3', 'False'
'83448', '3280', 'Teacher', '2008-09-15T08:55:03.970', '3', 'False'
'83449', '1709', 'Teacher', '2008-09-15T08:55:03.970', '3', 'False'
'83450', '567', 'Teacher', '2008-09-15T08:55:03.970', '3', 'False'
'83451', '4040', 'Teacher', '2008-09-15T08:55:03.970', '3', 'False'
'83452', '822', 'Teacher', '2008-09-15T08:55:03.970', '3', 'False'
'83453', '3603', 'Teacher', '2008-09-15T08:55:03.970', '3', 'False'
'83454', '924', 'Teacher', '2008-09-15T08:55:03.970', '3', 'False'
'83455', '5959', 'Teacher', '2008-09-15T08:55:03.970', '3', 'False'
'83456', '4900', 'Teacher', '2008-09-15T08:55:03.970', '3', 'False'
'83457', '6340', 'Teacher', '2008-09-15T08:55:03.970', '3', 'False'
'83458', '2072', 'Teacher', '2008-09-15T08:55:03.970', '3', 'False'
'83459', '199', 'Teacher', '2008-09-15T08:55:03.970', '3', 'False'
'83460', '3764', 'Teacher', '2008-09-15T08:55:03.970', '3', 'False'
'83461', '307', 'Teacher', '2008-09-15T08:55:03.970', '3', 'False'
'83462', '5606', 'Teacher', '2008-09-15T08:55:03.970', '3', 'False'
'83463', '229', 'Teacher', '2008-09-15T08:55:03.970', '3', 'False'
'83464', '580', 'Teacher', '2008-09-15T08:55:03.970', '3', 'False'
'83465', '3176', 'Teacher', '2008-09-15T08:55:03.970', '3', 'False'
'83466', '3067', 'Teacher', '2008-09-15T08:55:03.970', '3', 'False'
'83467', '409', 'Teacher', '2008-09-15T08:55:03.970', '3', 'False'
'83468', '1254', 'Teacher', '2008-09-15T08:55:03.970', '3', 'False'
'83469', '1557', 'Teacher', '2008-09-15T08:55:03.970', '3', 'False'
'83470', '636', 'Teacher', '2008-09-15T08:55:03.970', '3', 'False'
'83471', '3114', 'Teacher', '2008-09-15T08:55:03.970', '3', 'False'
'83472', '683', 'Teacher', '2008-09-15T08:55:03.970', '3', 'False'
'83473', '118', 'Teacher', '2008-09-15T08:55:03.970', '3', 'False'
'83474', '2063', 'Teacher', '2008-09-15T08:55:03.970', '3', 'False'
'83475', '5423', 'Teacher', '2008-09-15T08:55:03.970', '3', 'False'
'83476', '791', 'Teacher', '2008-09-15T08:55:03.970', '3', 'False'
'83477', '5298', 'Teacher', '2008-09-15T08:55:03.970', '3', 'False'
'83478', '172', 'Teacher', '2008-09-15T08:55:03.970', '3', 'False'
'83479', '379', 'Teacher', '2008-09-15T08:55:03.970', '3', 'False'
'83480', '3056', 'Teacher', '2008-09-15T08:55:03.970', '3', 'False'
'83481', '299', 'Teacher', '2008-09-15T08:55:03.970', '3', 'False'
'83482', '1651', 'Teacher', '2008-09-15T08:55:03.970', '3', 'False'
'83484', '328', 'Teacher', '2008-09-15T08:55:03.970', '3', 'False'
'83485', '2119', 'Teacher', '2008-09-15T08:55:03.970', '3', 'False'
'83486', '774', 'Teacher', '2008-09-15T08:55:03.970', '3', 'False'
'83487', '3836', 'Teacher', '2008-09-15T08:55:03.970', '3', 'False'
'83488', '1612', 'Teacher', '2008-09-15T08:55:03.970', '3', 'False'
'83490', '4125', 'Teacher', '2008-09-15T08:55:03.970', '3', 'False'
'83491', '3087', 'Teacher', '2008-09-15T08:55:03.970', '3', 'False'
'83493', '404', 'Teacher', '2008-09-15T08:55:03.970', '3', 'False'
'83494', '2134', 'Teacher', '2008-09-15T08:55:03.970', '3', 'False'
'83495', '2069', 'Teacher', '2008-09-15T08:55:03.970', '3', 'False'
'83496', '202', 'Teacher', '2008-09-15T08:55:03.970', '3', 'False'
'83497', '3055', 'Teacher', '2008-09-15T08:55:03.970', '3', 'False'
'83498', '550', 'Teacher', '2008-09-15T08:55:03.970', '3', 'False'
'83499', '5646', 'Teacher', '2008-09-15T08:55:03.970', '3', 'False'
'83500', '714', 'Teacher', '2008-09-15T08:55:03.970', '3', 'False'
'83501', '1944', 'Teacher', '2008-09-15T08:55:03.970', '3', 'False'
'83502', '510', 'Teacher', '2008-09-15T08:55:03.970', '3', 'False'
'83503', '425', 'Teacher', '2008-09-15T08:55:03.970', '3', 'False'
'83504', '3233', 'Teacher', '2008-09-15T08:55:03.970', '3', 'False'
'83505', '2073', 'Teacher', '2008-09-15T08:55:03.970', '3', 'False'
'83506', '95', 'Teacher', '2008-09-15T08:55:03.970', '3', 'False'
'83507', '4511', 'Teacher', '2008-09-15T08:55:03.970', '3', 'False'
'83508', '6253', 'Teacher', '2008-09-15T08:55:03.970', '3', 'False'
'83509', '13', 'Teacher', '2008-09-15T08:55:03.970', '3', 'False'
'83510', '2424', 'Teacher', '2008-09-15T08:55:03.970', '3', 'False'
'83511', '1725', 'Teacher', '2008-09-15T08:55:03.970', '3', 'False'
'83512', '497', 'Teacher', '2008-09-15T08:55:03.970', '3', 'False'
'83513', '448', 'Teacher', '2008-09-15T08:55:03.970', '3', 'False'
'83514', '649', 'Teacher', '2008-09-15T08:55:03.970', '3', 'False'
'83515', '2130', 'Teacher', '2008-09-15T08:55:03.970', '3', 'False'
'83516', '1212', 'Teacher', '2008-09-15T08:55:03.970', '3', 'False'
'83517', '3947', 'Teacher', '2008-09-15T08:55:03.970', '3', 'False'
'83518', '5077', 'Teacher', '2008-09-15T08:55:03.970', '3', 'False'
'83519', '5217', 'Teacher', '2008-09-15T08:55:03.970', '3', 'False'
'83520', '479', 'Teacher', '2008-09-15T08:55:03.970', '3', 'False'
'83521', '1653', 'Teacher', '2008-09-15T08:55:03.970', '3', 'False'
'83522', '4455', 'Teacher', '2008-09-15T08:55:03.970', '3', 'False'
'83523', '2614', 'Teacher', '2008-09-15T08:55:03.970', '3', 'False'
'83524', '916', 'Teacher', '2008-09-15T08:55:03.970', '3', 'False'
'83525', '5035', 'Teacher', '2008-09-15T08:55:03.970', '3', 'False'
'83527', '3757', 'Teacher', '2008-09-15T08:55:03.970', '3', 'False'
'83528', '1658', 'Teacher', '2008-09-15T08:55:03.970', '3', 'False'
'83529', '3186', 'Teacher', '2008-09-15T08:55:03.970', '3', 'False'
'83530', '5688', 'Teacher', '2008-09-15T08:55:03.970', '3', 'False'
'83531', '2600', 'Teacher', '2008-09-15T08:55:03.970', '3', 'False'
'83532', '5216', 'Teacher', '2008-09-15T08:55:03.970', '3', 'False'
'83533', '5169', 'Teacher', '2008-09-15T08:55:03.970', '3', 'False'
'83534', '1600', 'Teacher', '2008-09-15T08:55:03.970', '3', 'False'
'83535', '1921', 'Teacher', '2008-09-15T08:55:03.970', '3', 'False'
'83537', '2870', 'Teacher', '2008-09-15T08:55:03.970', '3', 'False'
'83538', '2773', 'Teacher', '2008-09-15T08:55:03.970', '3', 'False'
'83539', '1226', 'Teacher', '2008-09-15T08:55:03.970', '3', 'False'
'83540', '1133', 'Teacher', '2008-09-15T08:55:03.970', '3', 'False'
'83541', '3655', 'Teacher', '2008-09-15T08:55:03.970', '3', 'False'
'83542', '2617', 'Teacher', '2008-09-15T08:55:03.970', '3', 'False'
'83543', '4760', 'Teacher', '2008-09-15T08:55:03.970', '3', 'False'
'83544', '2329', 'Teacher', '2008-09-15T08:55:03.970', '3', 'False'
'83545', '1200', 'Teacher', '2008-09-15T08:55:03.970', '3', 'False'
'83546', '2948', 'Teacher', '2008-09-15T08:55:03.970', '3', 'False'
'83547', '3279', 'Teacher', '2008-09-15T08:55:03.970', '3', 'False'
'83548', '1423', 'Teacher', '2008-09-15T08:55:03.970', '3', 'False'
'83549', '6069', 'Teacher', '2008-09-15T08:55:03.970', '3', 'False'
'83550', '1314', 'Teacher', '2008-09-15T08:55:03.970', '3', 'False'
'83551', '4405', 'Teacher', '2008-09-15T08:55:03.970', '3', 'False'
'83552', '1353', 'Teacher', '2008-09-15T08:55:03.970', '3', 'False'
'83553', '5296', 'Teacher', '2008-09-15T08:55:03.970', '3', 'False'
'83554', '340', 'Teacher', '2008-09-15T08:55:03.970', '3', 'False'
'83555', '604', 'Teacher', '2008-09-15T08:55:03.970', '3', 'False'
'83556', '1375', 'Teacher', '2008-09-15T08:55:03.970', '3', 'False'
'83559', '2452', 'Teacher', '2008-09-15T08:55:03.970', '3', 'False'
'83560', '1344', 'Teacher', '2008-09-15T08:55:03.970', '3', 'False'
'83561', '4636', 'Teacher', '2008-09-15T08:55:03.970', '3', 'False'
'83562', '2092', 'Teacher', '2008-09-15T08:55:03.970', '3', 'False'
'83563', '543', 'Teacher', '2008-09-15T08:55:03.970', '3', 'False'
'83564', '4219', 'Teacher', '2008-09-15T08:55:03.970', '3', 'False'
'83565', '5926', 'Teacher', '2008-09-15T08:55:03.970', '3', 'False'
'83566', '3035', 'Teacher', '2008-09-15T08:55:03.970', '3', 'False'
'83567', '1493', 'Teacher', '2008-09-15T08:55:03.970', '3', 'False'
'83568', '5702', 'Teacher', '2008-09-15T08:55:03.970', '3', 'False'
'83569', '1449', 'Teacher', '2008-09-15T08:55:03.970', '3', 'False'
'83570', '50', 'Teacher', '2008-09-15T08:55:03.970', '3', 'False'
'83571', '114', 'Teacher', '2008-09-15T08:55:03.970', '3', 'False'
'83572', '6262', 'Teacher', '2008-09-15T08:55:03.970', '3', 'False'
'83573', '1150', 'Teacher', '2008-09-15T08:55:03.970', '3', 'False'
'83574', '3392', 'Teacher', '2008-09-15T08:55:03.970', '3', 'False'
'83575', '1172', 'Teacher', '2008-09-15T08:55:03.970', '3', 'False'
'83576', '3215', 'Teacher', '2008-09-15T08:55:03.970', '3', 'False'
'83577', '1967', 'Teacher', '2008-09-15T08:55:03.970', '3', 'False'
'83578', '4605', 'Teacher', '2008-09-15T08:55:03.970', '3', 'False'
'83579', '3661', 'Teacher', '2008-09-15T08:55:03.970', '3', 'False'
'83580', '4580', 'Teacher', '2008-09-15T08:55:03.970', '3', 'False'
'83581', '1694', 'Teacher', '2008-09-15T08:55:03.970', '3', 'False'
'83582', '1542', 'Teacher', '2008-09-15T08:55:03.970', '3', 'False'
'83583', '667', 'Teacher', '2008-09-15T08:55:03.970', '3', 'False'
'83584', '6208', 'Teacher', '2008-09-15T08:55:03.970', '3', 'False'
'83585', '2506', 'Teacher', '2008-09-15T08:55:03.970', '3', 'False'
'83586', '799', 'Teacher', '2008-09-15T08:55:03.970', '3', 'False'
'83587', '3748', 'Teacher', '2008-09-15T08:55:03.970', '3', 'False'
'83588', '527', 'Teacher', '2008-09-15T08:55:03.970', '3', 'False'
'83589', '1670', 'Teacher', '2008-09-15T08:55:03.970', '3', 'False'
'83590', '2695', 'Teacher', '2008-09-15T08:55:03.970', '3', 'False'
'83591', '288', 'Teacher', '2008-09-15T08:55:03.970', '3', 'False'
'83592', '720', 'Teacher', '2008-09-15T08:55:03.970', '3', 'False'
'83593', '3616', 'Teacher', '2008-09-15T08:55:03.970', '3', 'False'
'83594', '1063', 'Teacher', '2008-09-15T08:55:03.970', '3', 'False'
'83595', '2697', 'Teacher', '2008-09-15T08:55:03.970', '3', 'False'
'83596', '4807', 'Teacher', '2008-09-15T08:55:03.970', '3', 'False'
'83597', '2682', 'Teacher', '2008-09-15T08:55:03.970', '3', 'False'
'83598', '1365', 'Teacher', '2008-09-15T08:55:03.970', '3', 'False'
'83599', '3259', 'Teacher', '2008-09-15T08:55:03.970', '3', 'False'
'83600', '3950', 'Teacher', '2008-09-15T08:55:03.970', '3', 'False'
'83601', '3732', 'Teacher', '2008-09-15T08:55:03.970', '3', 'False'
'83602', '1316', 'Teacher', '2008-09-15T08:55:03.970', '3', 'False'
'83603', '3847', 'Teacher', '2008-09-15T08:55:03.970', '3', 'False'
'83604', '3166', 'Teacher', '2008-09-15T08:55:03.970', '3', 'False'
'83605', '4372', 'Teacher', '2008-09-15T08:55:03.970', '3', 'False'
'83606', '672', 'Teacher', '2008-09-15T08:55:03.970', '3', 'False'
'83607', '1335', 'Teacher', '2008-09-15T08:55:03.970', '3', 'False'
'83608', '964', 'Teacher', '2008-09-15T08:55:03.970', '3', 'False'
'83609', '3149', 'Teacher', '2008-09-15T08:55:03.970', '3', 'False'
'83610', '5486', 'Teacher', '2008-09-15T08:55:03.970', '3', 'False'
'83611', '960', 'Teacher', '2008-09-15T08:55:03.970', '3', 'False'
'83613', '2785', 'Teacher', '2008-09-15T08:55:03.970', '3', 'False'
'83614', '275', 'Teacher', '2008-09-15T08:55:03.970', '3', 'False'
'83615', '2338', 'Teacher', '2008-09-15T08:55:03.970', '3', 'False'
'83616', '19', 'Teacher', '2008-09-15T08:55:03.970', '3', 'False'
'83617', '951', 'Teacher', '2008-09-15T08:55:03.970', '3', 'False'
'83618', '1269', 'Teacher', '2008-09-15T08:55:03.970', '3', 'False'
'83619', '4507', 'Teacher', '2008-09-15T08:55:03.970', '3', 'False'
'83620', '837', 'Teacher', '2008-09-15T08:55:03.970', '3', 'False'
'83621', '2051', 'Teacher', '2008-09-15T08:55:03.970', '3', 'False'
'83622', '1733', 'Teacher', '2008-09-15T08:55:03.970', '3', 'False'
'83623', '4249', 'Teacher', '2008-09-15T08:55:03.970', '3', 'False'
'83624', '852', 'Teacher', '2008-09-15T08:55:03.970', '3', 'False'
'83626', '3189', 'Teacher', '2008-09-15T08:55:03.970', '3', 'False'
'83627', '6300', 'Teacher', '2008-09-15T08:55:03.970', '3', 'False'
'83628', '2275', 'Teacher', '2008-09-15T08:55:03.970', '3', 'False'
'83630', '2995', 'Teacher', '2008-09-15T08:55:03.970', '3', 'False'
'83631', '2795', 'Teacher', '2008-09-15T08:55:03.970', '3', 'False'
'83633', '4748', 'Teacher', '2008-09-15T08:55:03.970', '3', 'False'
'83634', '3182', 'Teacher', '2008-09-15T08:55:03.970', '3', 'False'
'83635', '5160', 'Teacher', '2008-09-15T08:55:03.970', '3', 'False'
'83636', '41', 'Teacher', '2008-09-15T08:55:03.970', '3', 'False'
